"a0.est","a1.est","a2.est","a3.est","c0.est","c1.est","c2.est","c3.est","b0.est","hr.l1.age.est","hr.l2.age.est","hr.l1.gen.est","hr.l2.gen.est","hr.l1.donor.est","hr.l2.donor.est"
-3.3744056381501,0.106219923478428,0.0716224570695723,-0.539377859046444,-4.1029529207993,1.28785713696752,-0.114986997769671,-0.812862170384986,1.1938136546332,1.11206641913035,3.62501032641041,1.07424969211635,0.891377733730088,0.583110916729881,0.443586627046026
